Vaill,Essie                             essie@vaill.com                         Roudabush,Cruz                          cruz@roudabush.com                      Tinnes,Billie                           billie@tinnes.com                       Mockus,Zackary                          zackary@mockus.com                      Fifield,Rosemarie                       rosemarie@fifield.com                   Laboy,Bernard                           bernard@laboy.com                       Haakinson,Sue                           sue@haakinson.com                       Pou,Valerie                             valerie@pou.com                         Hasty,Lashawn                           lashawn@hasty.com                       Earman,Marianne                         marianne@earman.com                     Dragaj,Justina                          justina@dragaj.com                      Mcdonnell,Mandy                         mandy@mcdonnell.com                     Lanfear,Conrad                          conrad@lanfear.com                      Behen,Cyril                             cyril@behen.com                         Groden,Shelley                          shelley@groden.com                      Krenzke,Rosalind                        rosalind@krenzke.com                    Brevard,Davis                           davis@brevard.com                       Reich,Winnie                            winnie@reich.com                        Worlds,Trudy                            trudy@worlds.com                        Inafuku,Deshawn                         deshawn@inafuku.com                     Loose,Claudio                           claudio@loose.com                       Pindell,Sal                             sal@pindell.com                         Sharper,Cristina                        cristina@sharper.com                    Mccamey,Cary                            cary@mccamey.com                        Rocheford,Haley                         haley@rocheford.com                     Sweem,Dorothea                          dorothea@sweem.com                      Steese,Fannie                           fannie@steese.com                       Gillispie,Allyson                       allyson@gillispie.com                   Seid,Roger                              roger@seid.com                          Daquino,Dollie                          dollie@daquino.com                      Seahorn,Eva                             eva@seahorn.com                         Mcintee,Mamie                           mamie@mcintee.com                       Bellerdine,Lyndon                       lyndon@bellerdine.com                   Derouen,Lashonda                        lashonda@derouen.com                    Emayo,Jacklyn                           jacklyn@emayo.com                       Crotts,Rubin                            rubin@crotts.com                        Catino,Boris                            boris@catino.com                        Bowditch,Jannie                         jannie@bowditch.com                     Altonen,Colin                           colin@altonen.com                       Evertt,Kerry                            kerry@evertt.com                        Argenti,Kathie                          kathie@argenti.com                      Cintora,Henrietta                       henrietta@cintora.com                   Maury,Mariano                           mariano@maury.com                       Voll,Lottie                             lottie@voll.com                         Sheffler,Ofelia                         ofelia@sheffler.com                     Cieloszyk,Gaston                        gaston@cieloszyk.com                    Ken,Karla                               karla@ken.com                           Parbol,Avery                            avery@parbol.com                        Chipley,John                            john@chipley.com                        Pliner,Luella                           luella@pliner.com                       Blumenthal,Elvira                       elvira@blumenthal.com                   Courrege,Tyree                          tyree@courrege.com                      Amaral,Ramon                            ramon@amaral.com                        Gidley,Wilfredo                         wilfredo@gidley.com                     Ehn,Gracie                              gracie@ehn.com                          Alexy,Dorthy                            dorthy@alexy.com                        Luby,Bertie                             bertie@luby.com                         Kuhle,Rudy                              rudy@kuhle.com                          Nolau,Gale                              gale@nolau.com                          Bruni,Kenya                             kenya@bruni.com                         Kruss,Tricia                            tricia@kruss.com                        Jurasin,Mack                            mack@jurasin.com                        Kornbau,Margarito                       margarito@kornbau.com                   Iurato,Lucien                           lucien@iurato.com                       Galas,Jarvis                            jarvis@galas.com                        Cowley,Billie                           billie@cowley.com                       Gawron,Jacinto                          jacinto@gawron.com                      Kluemper,Randall                        randall@kluemper.com                    Oroark,Enrique                          enrique@oroark.com                      Pennigton,Alva                          alva@pennigton.com                      Balandran,Socorro                       socorro@balandran.com                   Wilshire,Nadia                          nadia@wilshire.com                      Humes,Reginald                          reginald@humes.com                      Caraway,Lynda                           lynda@caraway.com                       Mcaulay,Saundra                         saundra@mcaulay.com                     Schwantd,Allan                          allan@schwantd.com                      Constantineau,Wilmer                    wilmer@constantineau.com                Kesich,Savannah                         savannah@kesich.com                     Cuttitta,Dwain                          dwain@cuttitta.com                      Stika,Krystle                           krystle@stika.com                       Gould,Felipe                            felipe@gould.com                        Schorr,Steve                            steve@schorr.com                        Caetano,Naomi                           naomi@caetano.com                       Saddat,Melody                           melody@saddat.com                       Harnar,Mitchel                          mitchel@harnar.com                      Circelli,Sharlene                       sharlene@circelli.com                   Bonnet,Sean                             sean@bonnet.com                         Brockert,Travis                         travis@brockert.com                     Bruckman,Candice                        candice@bruckman.com                    Weeden,Mabel                            mabel@weeden.com                        Papik,Armando                           armando@papik.com                       Edd,Kevin                               kevin@edd.com                           Bickel,Raphael                          raphael@bickel.com                      Merlin,Darren                           darren@merlin.com                       Soo,Francis                             francis@soo.com                         Jakuboski,Nelly                         nelly@jakuboski.com                     Ihenyen,Mitzi                           mitzi@ihenyen.com                       Beresnyak,Kathleen                      kathleen@beresnyak.com                  Cervantsz,Adela                         adela@cervantsz.com                     Gansen,Randal                           randal@gansen.com                       Biasotti,Alyssa                         alyssa@biasotti.com                     Schaffter,Janet                         janet@schaffter.com                     Kolm,Armando                            armando@kolm.com                        Scarpa,Gil                              gil@scarpa.com                          Lewallen,Vanessa                        vanessa@lewallen.com                    Brining,Burton                          burton@brining.com                      Krigger,Rosalie                         rosalie@krigger.com                     Schwartzwalde,Tammie                    tammie@schwartzwalde.com                Neiss,Darrin                            darrin@neiss.com                        Kennemur,Rosalia                        rosalia@kennemur.com                    Leboeuf,Callie                          callie@leboeuf.com                      Bernasconi,Patty                        patty@bernasconi.com                    Gabouer,Elmo                            elmo@gabouer.com                        Muhl,Logan                              logan@muhl.com                          Brzostowski,Vivian                      vivian@brzostowski.com                  Baucher,Efren                           efren@baucher.com                       Mcbay,Kurtis                            kurtis@mcbay.com                        Tsang,Guillermo                         guillermo@tsang.com                     Kuhlman,Milton                          milton@kuhlman.com                      Greenly,Naomi                           naomi@greenly.com                       Maurizio,Mary                           mary@maurizio.com                       Reiniger,Caitlin                        caitlin@reiniger.com                    Cuneo,Coleman                           coleman@cuneo.com                       Larrison,Rachel                         rachel@larrison.com                     Maddalena,Dwayne                        dwayne@maddalena.com                    Schermerhorn,Angelique                  angelique@schermerhorn.com              Wadlinger,Junior                        junior@wadlinger.com                    Tork,Darrel                             darrel@tork.com                         Garrigus,Lana                           lana@garrigus.com                       Waldall,Jonathon                        jonathon@waldall.com                    Paker,Kristine                          kristine@paker.com                      Agricola,Dwain                          dwain@agricola.com                      Agresta,Jewel                           jewel@agresta.com                       Bandyk,Georgette                        georgette@bandyk.com                    Forness,Geri                            geri@forness.com                        Scroggie,Modesto                        modesto@scroggie.com                    Menedez,Curt                            curt@menedez.com                        Zombo,Karen                             karen@zombo.com                         Lendor,Lora                             lora@lendor.com                         Mahone,Felipe                           felipe@mahone.com                       Daulton,Rosalyn                         rosalyn@daulton.com                     Bousman,Marquita                        marquita@bousman.com                    Sirbaugh,Carla                          carla@sirbaugh.com                      Fontanella,Wes                          wes@fontanella.com                      Ivrin,Meredith                          meredith@ivrin.com                      Bigg,Laurie                             laurie@bigg.com                         Friesner,Barton                         barton@friesner.com                     Langner,Sophie                          sophie@langner.com                      Lijewski,Garfield                       garfield@lijewski.com                   Speach,Warren                           warren@speach.com                       Cosby,Madonna                           madonna@cosby.com                       Lingbeek,Valeria                        valeria@lingbeek.com                    Vanalphen,Heath                         heath@vanalphen.com                     Woldridge,Marisa                        marisa@woldridge.com                    Dummermuth,Rene                         rene@dummermuth.com                     Windle,Helga                            helga@windle.com                        Arenburg,Margot                         margot@arenburg.com                     Holloran,Sheila                         sheila@holloran.com                     Carleton,Melinda                        melinda@carleton.com                    Zeolla,Ike                              ike@zeolla.com                          Dagenais,Elmo                           elmo@dagenais.com                       Granberry,Valentine                     valentine@granberry.com                 Sisk,Waldo                              waldo@sisk.com                          Braithwaite,Robt                        robt@braithwaite.com                    Cowan,Corinne                           corinne@cowan.com                       Brumet,Rebeca                           rebeca@brumet.com                       Saulsberry,Lynn                         lynn@saulsberry.com                     Facio,Hannah                            hannah@facio.com                        Schkade,Benjamin                        benjamin@schkade.com                    Fontanilla,Athena                       athena@fontanilla.com                   Rabeck,Alene                            alene@rabeck.com                        Kokoska,Yvette                          yvette@kokoska.com                      Clemmens,Petra                          petra@clemmens.com                      Overfelt,Carmel                         carmel@overfelt.com                     Fostervold,Danette                      danette@fostervold.com                  Ettel,Vince                             vince@ettel.com                         Heideman,Davis                          davis@heideman.com                      Hasselvander,Bradly                     bradly@hasselvander.com                 Phoenix,Nathanial                       nathanial@phoenix.com                   Mckibben,Lamar                          lamar@mckibben.com                      Numkena,Shanna                          shanna@numkena.com                      Suermann,Helena                         helena@suermann.com                     Helmich,Delphine                        delphine@helmich.com                    Hindley,Barbara                         barbara@hindley.com                     Sisofo,Sheryl                           sheryl@sisofo.com                       Christophel,Robyn                       robyn@christophel.com                   Geimer,Gayla                            gayla@geimer.com                        Pyfrom,Evan                             evan@pyfrom.com                         Miklas,Chad                             chad@miklas.com                         Tout,Trey                               trey@tout.com                           Armout,Isabell                          isabell@armout.com                      Mascall,Alejandro                       alejandro@mascall.com                   Kirklin,Kennith                         kennith@kirklin.com                     Benthin,Ike                             ike@benthin.com                         Sherretts,Donald                        donald@sherretts.com                    Hybarger,Lina                           lina@hybarger.com                       Padley,Rebekah                          rebekah@padley.com                      Gaulden,Marion                          marion@gaulden.com                      Monroy,Maurine                          maurine@monroy.com                      Sandrock,Rosanna                        rosanna@sandrock.com                    Maggs,Marcelino                         marcelino@maggs.com                     Willardson,Florine                      florine@willardson.com                  Haza,Jude                               jude@haza.com                           Sutch,Eldon                             eldon@sutch.com                         Enote,Lashonda                          lashonda@enote.com                      Folz,Marla                              marla@folz.com                          Lunan,Reginald                          reginald@lunan.com                      Lindauer,Kyle                           kyle@lindauer.com                       Marschke,Son                            son@marschke.com                        Minaai,Johnie                           johnie@minaai.com                       Varrato,Kelli                           kelli@varrato.com                       Marsell,Neva                            neva@marsell.com                        Hedglin,Brice                           brice@hedglin.com                       Nimmer,Terrance                         terrance@nimmer.com                     Krisman,Carol                           carol@krisman.com                       Pillitteri,Dollie                       dollie@pillitteri.com                   Sule,Mellissa                           mellissa@sule.com                       Thierauf,Antony                         antony@thierauf.com                     Reisenauer,Reina                        reina@reisenauer.com                    Sulikowski,Zane                         zane@sulikowski.com                     Cassa,Hilario                           hilario@cassa.com                       Radman,Veronica                         veronica@radman.com                     Erlewine,Teri                           teri@erlewine.com                       Mountjoy,Alissa                         alissa@mountjoy.com                     Iberg,Helene                            helene@iberg.com                        Scronce,Lona                            lona@scronce.com                        Lampi,Jeremy                            jeremy@lampi.com                        Schattner,Mitch                         mitch@schattner.com                     Carlan,Hans                             hans@carlan.com                         Sarchett,Concetta                       concetta@sarchett.com                   Zackery,Isaac                           isaac@zackery.com                       Matrisciano,Doug                        doug@matrisciano.com                    Samrah,Devon                            devon@samrah.com                        Linnan,Amos                             amos@linnan.com                         Dienhart,Manuel                         manuel@dienhart.com                     Cantu,Audra                             audra@cantu.com                         Ransonet,Keisha                         keisha@ransonet.com                     Baumann,Rolando                         rolando@baumann.com                     Whyman,Maryanne                         maryanne@whyman.com                     Asberry,Kurtis                          kurtis@asberry.com                      Gompf,Ed                                ed@gompf.com                            Betance,Norman                          norman@betance.com                      Karczewski,Berta                        berta@karczewski.com                    Marksberry,Mac                          mac@marksberry.com                      Graen,Sandra                            sandra@graen.com                        Javens,Lee                              lee@javens.com                          Zanders,Fran                            fran@zanders.com                        Brantz,Lane                             lane@brantz.com                         Marso,Bess                              bess@marso.com                          Declue,Tamara                           tamara@declue.com                       Speegle,Denise                          denise@speegle.com                      Youtsey,Lynda                           lynda@youtsey.com                       Burigsay,Diann                          diann@burigsay.com                      Hwang,Mari                              mari@hwang.com                          Neundorfer,Shanna                       shanna@neundorfer.com                   Detillier,Sherwood                      sherwood@detillier.com                  Schwallie,Walton                        walton@schwallie.com                    Gartenmayer,Judy                        judy@gartenmayer.com                    Mccleary,Antione                        antione@mccleary.com                    Ganguli,Kay                             kay@ganguli.com                         Duffy,Oma                               oma@duffy.com                           Teston,Devon                            devon@teston.com                        Erlebach,Jade                           jade@erlebach.com                       Jerko,Roseann                           roseann@jerko.com                       Zortman,Ruthie                          ruthie@zortman.com                      Arguin,Leif                             leif@arguin.com                         Ekstrom,Millicent                       millicent@ekstrom.com                   Oborne,Val                              val@oborne.com                          Retort,Bridgett                         bridgett@retort.com                     Lino,Tia                                tia@lino.com                            Kenzie,Jarrett                          jarrett@kenzie.com                      Vanderzwaag,Mara                        mara@vanderzwaag.com                    Knust,Tiffany                           tiffany@knust.com                       Mcshaw,Fabian                           fabian@mcshaw.com                       Coger,Annabelle                         annabelle@coger.com                     Smiler,Marisa                           marisa@smiler.com                       Bordwell,Samantha                       samantha@bordwell.com                   Riedl,Felecia                           felecia@riedl.com                       Persson,Kris                            kris@persson.com                        Bridgeman,Kylie                         kylie@bridgeman.com                     Bellendir,Eduardo                       eduardo@bellendir.com                   Edberg,Waldo                            waldo@edberg.com                        Vaidya,Brent                            brent@vaidya.com                        Barcelona,Bette                         bette@barcelona.com                     Gleave,Rich                             rich@gleave.com                         Whittley,Lyman                          lyman@whittley.com                      Garnette,Maryann                        maryann@garnette.com                    Zarzycki,Jimmie                         jimmie@zarzycki.com                     Kosicki,Gisela                          gisela@kosicki.com                      Hammeren,Marlene                        marlene@hammeren.com                    Stanzak,Kris                            kris@stanzak.com                        Simone,Roman                            roman@simone.com                        Nicolaus,Cathryn                        cathryn@nicolaus.com                    Keels,Lana                              lana@keels.com                          Ziesemer,Malissa                        malissa@ziesemer.com                    Brodtmann,Pamala                        pamala@brodtmann.com                    Tivis,Heriberto                         heriberto@tivis.com                     Prudente,Edgardo                        edgardo@prudente.com                    Kunde,Fred                              fred@kunde.com                          Suddeth,Pilar                           pilar@suddeth.com                       Wice,Eliseo                             eliseo@wice.com                         Knightly,Bridget                        bridget@knightly.com                    Villaescusa,Tori                        tori@villaescusa.com                    Moyerman,Claire                         claire@moyerman.com                     Kivel,Judi                              judi@kivel.com                          Rodda,Terrell                           terrell@rodda.com                       Gum,Jasmin                              jasmin@gum.com                          Bottella,Bridget                        bridget@bottella.com                    Trybus,Tami                             tami@trybus.com                         Kaewprasert,Maynard                     maynard@kaewprasert.com                 Mcsorley,Viola                          viola@mcsorley.com                      Streu,Reggie                            reggie@streu.com                        Griffeth,Rena                           rena@griffeth.com                       Salera,Pierre                           pierre@salera.com                       Kinlaw,Carolina                         carolina@kinlaw.com                     Prenatt,Alejandra                       alejandra@prenatt.com                   Isacson,Quintin                         quintin@isacson.com                     Grotz,Robin                             robin@grotz.com                         Woodfin,Lacy                            lacy@woodfin.com                        Zill,Daniel                             daniel@zill.com                         Wolchesky,Reina                         reina@wolchesky.com                     Wanger,Marc                             marc@wanger.com                         Matkin,Damion                           damion@matkin.com                       Winchester,Lucius                       lucius@winchester.com                   Mcnichol,Petra                          petra@mcnichol.com                      Ramano,Katina                           katina@ramano.com                       Cackowski,Leslie                        leslie@cackowski.com                    Wiget,Cristopher                        cristopher@wiget.com                    Skiffington,Garth                       garth@skiffington.com                   Qin,Brendan                             brendan@qin.com                         Furler,Chase                            chase@furler.com                        Bjornberg,Marietta                      marietta@bjornberg.com                  Wishman,Carmella                        carmella@wishman.com                    Eyrich,Erica                            erica@eyrich.com                        Bagnoli,Lucius                          lucius@bagnoli.com                      Hachey,Bart                             bart@hachey.com                         Phernetton,Isiah                        isiah@phernetton.com                    Crummell,Morton                         morton@crummell.com                     Kauk,Prince                             prince@kauk.com                         Horner,Marta                            marta@horner.com                        Gaboury,Teodoro                         teodoro@gaboury.com                     Assad,Jess                              jess@assad.com                          Soula,Freeman                           freeman@soula.com                       Center,Rita                             rita@center.com                         Papen,Kira                              kira@papen.com                          Demicco,Miquel                          miquel@demicco.com                      Mahmud,William                          william@mahmud.com                      Belmont,Lacy                            lacy@belmont.com                        Leanen,Van                              van@leanen.com                          Staub,Mayme                             mayme@staub.com                         Guevarra,Gregg                          gregg@guevarra.com                      Leclare,Minh                            minh@leclare.com                        Sedore,Joey                             joey@sedore.com                         Dalen,Jeanie                            jeanie@dalen.com                        Gauer,Eddie                             eddie@gauer.com                         Barkle,Jessie                           jessie@barkle.com                       Resendiz,Deandre                        deandre@resendiz.com                    Rathrock,Janet                          janet@rathrock.com                      Nordlinger,Denice                       denice@nordlinger.com                   Dales,Danny                             danny@dales.com                         Deshay,Robbie                           robbie@deshay.com                       Humble,Carla                            carla@humble.com                        Leonesio,Ashley                         ashley@leonesio.com                     Sotlar,Josephine                        josephine@sotlar.com                    Kreutzbender,Derek                      derek@kreutzbender.com                  Staffon,Kira                            kira@staffon.com                        Davensizer,Isaac                        isaac@davensizer.com                    Bayer,Reva                              reva@bayer.com                          Auteri,Melvin                           melvin@auteri.com                       Seiters,Stephen                         stephen@seiters.com                     Santellana,Lucas                        lucas@santellana.com                    Toomey,Traci                            traci@toomey.com                        Resendes,Vernice                        vernice@resendes.com                    Holmes,Hillary                          hillary@holmes.com                      Schartz,Robin                           robin@schartz.com                       Deppert,Sabrina                         sabrina@deppert.com                     Truiolo,Luciano                         luciano@truiolo.com                     Mildon,Ezekiel                          ezekiel@mildon.com                      Cinkan,Hanna                            hanna@cinkan.com                        Wooldridge,Kory                         kory@wooldridge.com                     Ruffins,Darrel                          darrel@ruffins.com                      Hammitt,Miranda                         miranda@hammitt.com                     Rowlett,Sadie                           sadie@rowlett.com                       Gerbi,Deanna                            deanna@gerbi.com                        Griglen,Alfonso                         alfonso@griglen.com                     Engelman,Vernon                         vernon@engelman.com                     Rheaves,Johnnie                         johnnie@rheaves.com                     Pahnke,Ella                             ella@pahnke.com                         Achorn,Veronica                         veronica@achorn.com                     Nguyen,Kasey                            kasey@nguyen.com                        Morein,Frankie                          frankie@morein.com                      Renzi,Elaine                            elaine@renzi.com                        Janski,Timothy                          timothy@janski.com                      Hacher,Warren                           warren@hacher.com                       Darnel,Brant                            brant@darnel.com                        Rineheart,Mara                          mara@rineheart.com                      Flierl,Karen                            karen@flierl.com                        Chinni,Virgil                           virgil@chinni.com                       Kertzman,Jimmie                         jimmie@kertzman.com                     Bachta,Leif                             leif@bachta.com                         Kucera,Ione                             ione@kucera.com                         Sakurai,Doreen                          doreen@sakurai.com                      Nardo,Joel                              joel@nardo.com                          Backus,Neil                             neil@backus.com                         Marks,Fausto                            fausto@marks.com                        Bodenschatz,Christa                     christa@bodenschatz.com                 Greenlaw,Chi                            chi@greenlaw.com                        Ferri,Kyle                              kyle@ferri.com                          Michelfelder,Freida                     freida@michelfelder.com                 Bouliouris,Bryant                       bryant@bouliouris.com                   Oxley,Emilia                            emilia@oxley.com                        Mcraven,Naomi                           naomi@mcraven.com                       Borycz,Dionne                           dionne@borycz.com                       Hrobsky,Jimmy                           jimmy@hrobsky.com                       Hohlstein,Peggy                         peggy@hohlstein.com                     Kekiwi,Genevieve                        genevieve@kekiwi.com                    Plagge,Terra                            terra@plagge.com                        Pumphrey,Allie                          allie@pumphrey.com                      Survant,Katina                          katina@survant.com                      Warran,Marta                            marta@warran.com                        Lindboe,Rebekah                         rebekah@lindboe.com                     Varenhorst,Roxie                        roxie@varenhorst.com                    Peto,Kennith                            kennith@peto.com                        Amrich,Darrell                          darrell@amrich.com                      Loffier,Savannah                        savannah@loffier.com                    Carley,Martin                           martin@carley.com                       Hyten,Lacy                              lacy@hyten.com                          Orea,Forest                             forest@orea.com                         Shishido,Courtney                       courtney@shishido.com                   Frietas,Annette                         annette@frietas.com                     Jinks,Karyn                             karyn@jinks.com                         Lavelli,Edwin                           edwin@lavelli.com                       Barninger,Jimmie                        jimmie@barninger.com                    Wyrosdick,Merle                         merle@wyrosdick.com                     Caputo,Amelia                           amelia@caputo.com                       Bruski,Germaine                         germaine@bruski.com                     Dutt,Willa                              willa@dutt.com                          Fuhri,Cherie                            cherie@fuhri.com                        Quillman,Tyron                          tyron@quillman.com                      Dyckman,Charity                         charity@dyckman.com                     Turansky,Nanette                        nanette@turansky.com                    Schronce,Cherie                         cherie@schronce.com                     Hambright,Theron                        theron@hambright.com                    Bibbs,Laurie                            laurie@bibbs.com                        Ferentz,Angelo                          angelo@ferentz.com                      Topete,Denver                           denver@topete.com                       Reuland,Tommie                          tommie@reuland.com                      Delucas,Delmer                          delmer@delucas.com                      Bahls,Latisha                           latisha@bahls.com                       Lundie,Simone                           simone@lundie.com                       Spurger,Ross                            ross@spurger.com                        Tuter,Abel                              abel@tuter.com                          Bunche,Beverley                         beverley@bunche.com                     Torregrossa,Lizzie                      lizzie@torregrossa.com                  Neumaier,Tia                            tia@neumaier.com                        Chantry,Lesa                            lesa@chantry.com                        Arostegui,Marcelo                       marcelo@arostegui.com                   Hardgrove,Jimmie                        jimmie@hardgrove.com                    Eldrige,Renae                           renae@eldrige.com                       Gorder,Tisha                            tisha@gorder.com                        Knower,Clarice                          clarice@knower.com                      Marmerchant,Sybil                       sybil@marmerchant.com                   Veazey,Floyd                            floyd@veazey.com                        Bangle,Reyna                            reyna@bangle.com                        Sparacino,Owen                          owen@sparacino.com                      Bettner,Eli                             eli@bettner.com                         Fogerty,Taylor                          taylor@fogerty.com                      Lecates,Reva                            reva@lecates.com                        Wildrick,Rodrigo                        rodrigo@wildrick.com                    Tukis,George                            george@tukis.com                        Rodreguez,Titus                         titus@rodreguez.com                     Lampkin,Emilio                          emilio@lampkin.com                      Arata,Maryjane                          maryjane@arata.com                      Shulz,Marcie                            marcie@shulz.com                        Slavin,Celia                            celia@slavin.com                        Devaughan,Suzette                       suzette@devaughan.com                   Marnell,Christian                       christian@marnell.com                   Ericksen,Misty                          misty@ericksen.com                      Schadle,Bert                            bert@schadle.com                        Quertermous,Bertram                     bertram@quertermous.com                 Wubbel,Buster                           buster@wubbel.com                       Gallegas,Mildred                        mildred@gallegas.com                    Hoshaw,Pat                              pat@hoshaw.com                          Hutch,Marshall                          marshall@hutch.com                      Mestler,Don                             don@mestler.com                         Reek,Emery                              emery@reek.com                          Srock,Ray                               ray@srock.com                           Khosravi,Nickolas                       nickolas@khosravi.com                   Mottern,Aileen                          aileen@mottern.com                      Araiza,Chad                             chad@araiza.com                         Cambel,Beverly                          beverly@cambel.com                      Twiet,Janice                            janice@twiet.com                        Fortuna,Byron                           byron@fortuna.com                       Setlock,Lynette                         lynette@setlock.com                     Roughen,Willard                         willard@roughen.com                     Gracely,Elisa                           elisa@gracely.com                       Farstvedt,Jeri                          jeri@farstvedt.com                      Blow,Stacey                             stacey@blow.com                         Rovell,Bryan                            bryan@rovell.com                        Bolick,Joey                             joey@bolick.com                         Butt,James                              jbutt@gmail.com                         Darakjy,Josephine                       josephine_darakjy@darakjy.org           Venere,Art                              art@venere.org                          Paprocki,Lenna                          lpaprocki@hotmail.com                   Foller,Donette                          donette.foller@cox.net                  Morasca,Simona                          simona@morasca.com                      Tollner,Mitsue                          mitsue_tollner@yahoo.com                Dilliard,Leota                          leota@hotmail.com                       Wieser,Sage                             sage_wieser@cox.net                     Marrier,Kris                            kris@gmail.com                          Amigon,Minna                            minna_amigon@yahoo.com                  Maclead,Abel                            amaclead@gmail.com                      Caldarera,Kiley                         kiley.caldarera@aol.com                 Ruta,Graciela                           gruta@cox.net                           Albares,Cammy                           calbares@gmail.com                      Poquette,Mattie                         mattie@aol.com                          Garufi,Meaghan                          meaghan@hotmail.com                     Rim,Gladys                              gladys.rim@rim.org                      Whobrey,Yuki                            yuki_whobrey@aol.com                    Flosi,Fletcher                          fletcher.flosi@yahoo.com                Nicka,Bette                             bette_nicka@cox.net                     Inouye,Veronika                         vinouye@aol.com                         Kolmetz,Willard                         willard@hotmail.com                     Royster,Maryann                         mroyster@royster.com                    Slusarski,Alisha                        alisha@slusarski.com                    Iturbide,Allene                         allene_iturbide@cox.net                 Caudy,Chanel                            chanel.caudy@caudy.org                  Chui,Ezekiel                            ezekiel@chui.com                        Kusko,Willow                            wkusko@yahoo.com                        Figeroa,Bernardo                        bfigeroa@aol.com                        Corrio,Ammie                            ammie@corrio.com                        Vocelka,Francine                        francine_vocelka@vocelka.com            Stenseth,Ernie                          ernie_stenseth@aol.com                  Glick,Albina                            albina@glick.com                        Sergi,Alishia                           asergi@gmail.com                        Shinko,Solange                          solange@shinko.com                      Stockham,Jose                           jose@yahoo.com                          Ostrosky,Rozella                        rozella.ostrosky@ostrosky.com           Gillian,Valentine                       valentine_gillian@gmail.com             Rulapaugh,Kati                          kati.rulapaugh@hotmail.com              Schemmer,Youlanda                       youlanda@aol.com                        Oldroyd,Dyan                            doldroyd@aol.com                        Campain,Roxane                          roxane@hotmail.com                      Perin,Lavera                            lperin@perin.org                        Ferencz,Erick                           erick.ferencz@aol.com                   Saylors,Fatima                          fsaylors@saylors.org                    Briddick,Jina                           jina_briddick@briddick.com              Waycott,Kanisha                         kanisha_waycott@yahoo.com               Bowley,Emerson                          emerson.bowley@bowley.org               Malet,Blair                             bmalet@yahoo.com                        Bolognia,Brock                          bbolognia@yahoo.com                     Nestle,Lorrie                           lnestle@hotmail.com                     Uyetake,Sabra                           sabra@uyetake.org                       Mastella,Marjory                        mmastella@mastella.com                  Klonowski,Karl                          karl_klonowski@yahoo.com                Wenner,Tonette                          twenner@aol.com                         Monarrez,Amber                          amber_monarrez@monarrez.org             Seewald,Shenika                         shenika@gmail.com                       Ahle,Delmy                              delmy.ahle@hotmail.com                  Juhas,Deeanna                           deeanna_juhas@gmail.com                 Pugh,Blondell                           bpugh@aol.com                           Vanausdal,Jamal                         jamal@vanausdal.org                     Hollack,Cecily                          cecily@hollack.org                      Lindall,Carmelina                       carmelina_lindall@lindall.com           Yglesias,Maurine                        maurine_yglesias@yglesias.com           Buvens,Tawna                            tawna@gmail.com                         Weight,Penney                           penney_weight@aol.com                   Morocco,Elly                            elly_morocco@gmail.com                  Eroman,Ilene                            ilene.eroman@hotmail.com                Mondella,Vallie                         vmondella@mondella.com                  Blackwood,Kallie                        kallie.blackwood@gmail.com              Abdallah,Johnetta                       johnetta_abdallah@aol.com               Rhym,Bobbye                             brhym@rhym.com                          Rhymes,Micaela                          micaela_rhymes@gmail.com                Hoogland,Tamar                          tamar@hotmail.com                       Parlato,Moon                            moon@yahoo.com                          Reitler,Laurel                          laurel_reitler@reitler.com              Crupi,Delisa                            delisa.crupi@crupi.com                  Toelkes,Viva                            viva.toelkes@gmail.com                  Lipke,Elza                              elza@yahoo.com                          Chickering,Devorah                      devorah@hotmail.com                     Mulqueen,Timothy                        timothy_mulqueen@mulqueen.org           Honeywell,Arlette                       ahoneywell@honeywell.com                Dickerson,Dominque                      dominque.dickerson@dickerson.org        Isenhower,Lettie                        lettie_isenhower@yahoo.com              Munns,Myra                              mmunns@cox.net                          Barfield,Stephaine                      stephaine@barfield.com                  Gato,Lai                                lai.gato@gato.org                       Emigh,Stephen                           stephen_emigh@hotmail.com               Shields,Tyra                            tshields@gmail.com                      Wardrip,Tammara                         twardrip@cox.net                        Gibes,Cory                              cory.gibes@gmail.com                    Bruschke,Danica                         danica_bruschke@gmail.com               Giguere,Wilda                           wilda@cox.net                           Benimadho,Elvera                        elvera.benimadho@cox.net                Vanheusen,Carma                         carma@cox.net                           Hochard,Malinda                         malinda.hochard@yahoo.com               Fern,Natalie                            natalie.fern@hotmail.com                Centini,Lisha                           lisha@centini.org                       Klusman,Arlene                          arlene_klusman@gmail.com                Buemi,Alease                            alease@buemi.com                        Cronauer,Louisa                         louisa@cronauer.com                     Cetta,Angella                           angella.cetta@hotmail.com               Goldammer,Cyndy                         cgoldammer@cox.net                      Cork,Rosio                              rosio.cork@gmail.com                    Korando,Celeste                         ckorando@hotmail.com                    Felger,Twana                            twana.felger@felger.org                 Samu,Estrella                           estrella@aol.com                        Kines,Donte                             dkines@hotmail.com                      Steffensmeier,Tiffiny                   tiffiny_steffensmeier@cox.net           Miceli,Edna                             emiceli@miceli.org                      Kownacki,Sue                            sue@aol.com                             Shin,Jesusa                             jshin@shin.com                          Francescon,Rolland                      rolland@cox.net                         Schmierer,Pamella                       pamella.schmierer@schmierer.org         Kulzer,Glory                            gkulzer@kulzer.org                      Palaspas,Shawna                         shawna_palaspas@palaspas.org            Callaro,Brandon                         brandon_callaro@hotmail.com             Cartan,Scarlet                          scarlet.cartan@yahoo.com                Menter,Oretha                           oretha_menter@yahoo.com                 Smith,Ty                                tsmith@aol.com                          Rochin,Xuan                             xuan@gmail.com                          Dilello,Lindsey                         lindsey.dilello@hotmail.com             Perez,Devora                            devora_perez@perez.org                  Demesa,Herman                           hdemesa@cox.net                         Papasergi,Rory                          rpapasergi@cox.net                      Riopelle,Talia                          talia_riopelle@aol.com                  Shire,Van                               van.shire@shire.com                     Lary,Lucina                             lucina_lary@cox.net                     Isaacs,Bok                              bok.isaacs@aol.com                      Spickerman,Rolande                      rolande.spickerman@spickerman.com       Paulas,Howard                           hpaulas@gmail.com                       Madarang,Kimbery                        kimbery_madarang@cox.net                Manno,Thurman                           thurman.manno@yahoo.com                 Mirafuentes,Becky                       becky.mirafuentes@mirafuentes.com       Corrington,Beatriz                      beatriz@yahoo.com                       Maybury,Marti                           marti.maybury@yahoo.com                 Gotter,Nieves                           nieves_gotter@gmail.com                 Hagele,Leatha                           lhagele@cox.net                         Klimek,Valentin                         vklimek@klimek.org                      Wiklund,Melissa                         melissa@cox.net                         Zane,Sheridan                           sheridan.zane@zane.com                  Padilla,Bulah                           bulah_padilla@hotmail.com               Kohnert,Audra                           audra@kohnert.com                       Weirather,Daren                         dweirather@aol.com                      Jillson,Fernanda                        fjillson@aol.com                        Gellinger,Gearldine                     gearldine_gellinger@gellinger.com       Kitzman,Chau                            chau@gmail.com                          Frey,Theola                             theola_frey@frey.com                    Haroldson,Cheryl                        cheryl@haroldson.org                    Merced,Laticia                          lmerced@gmail.com                       Batman,Carissa                          carissa.batman@yahoo.com                Craghead,Lezlie                         lezlie.craghead@craghead.org            Shealy,Ozell                            oshealy@hotmail.com                     Parvis,Arminda                          arminda@parvis.com                      Leto,Reita                              reita.leto@gmail.com                    Luczki,Yolando                          yolando@cox.net                         Stem,Lizette                            lizette.stem@aol.com                    Pawlowicz,Gregoria                      gpawlowicz@yahoo.com                    Deleo,Carin                             cdeleo@deleo.com                        Maynerich,Chantell                      chantell@yahoo.com                      Yum,Dierdre                             dyum@yahoo.com                          Gudroe,Larae                            larae_gudroe@gmail.com                  Tolfree,Latrice                         latrice.tolfree@hotmail.com             Theodorov,Kerry                         kerry.theodorov@gmail.com               Hidvegi,Dorthy                          dhidvegi@yahoo.com                      Lungren,Fannie                          fannie.lungren@yahoo.com                Radde,Evangelina                        evangelina@aol.com                      Degroot,Novella                         novella_degroot@degroot.org             Hoa,Clay                                choa@hoa.org                            Fallick,Jennifer                        jfallick@yahoo.com                      Wolfgramm,Irma                          irma.wolfgramm@hotmail.com              Coody,Eun                               eun@yahoo.com                           Cousey,Sylvia                           sylvia_cousey@cousey.org                Wrinkles,Nana                           nana@aol.com                            Springe,Layla                           layla.springe@cox.net                   Degonia,Joesph                          joesph_degonia@degonia.org              Boord,Annabelle                         annabelle.boord@cox.net                 Vinning,Stephaine                       stephaine@cox.net                       Sawchuk,Nelida                          nelida@gmail.com                        Hiatt,Marguerita                        marguerita.hiatt@gmail.com              Cookey,Carmela                          ccookey@cookey.org                      Brideau,Junita                          jbrideau@aol.com                        Varriano,Claribel                       claribel_varriano@cox.net               Skursky,Benton                          benton.skursky@aol.com                  Skulski,Hillary                         hillary.skulski@aol.com                 Bayless,Merilyn                         merilyn_bayless@cox.net                 Ennaco,Teri                             tennaco@gmail.com                       Lawler,Merlyn                           merlyn_lawler@hotmail.com               Montezuma,Georgene                      gmontezuma@cox.net                      Mconnell,Jettie                         jmconnell@hotmail.com                   Latzke,Lemuel                           lemuel.latzke@gmail.com                 Knipp,Melodie                           mknipp@gmail.com                        Corbley,Candida                         candida_corbley@hotmail.com             Karpin,Karan                            karan_karpin@gmail.com                  Scheyer,Andra                           andra@gmail.com                         Poullion,Felicidad                      fpoullion@poullion.com                  Strassner,Belen                         belen_strassner@aol.com                 Melnyk,Gracia                           gracia@melnyk.com                       Hanafan,Jolanda                         jhanafan@gmail.com                      Toyama,Barrett                          barrett.toyama@toyama.org               Fredicks,Helga                          helga_fredicks@yahoo.com                Pinilla,Ashlyn                          apinilla@cox.net                        Agramonte,Fausto                        fausto_agramonte@yahoo.com              Caiafa,Ronny                            ronny.caiafa@caiafa.org                 Limmel,Marge                            marge@gmail.com                         Waymire,Norah                           norah.waymire@gmail.com                 Baltimore,Aliza                         aliza@aol.com                           Pelkowski,Mozell                        mpelkowski@pelkowski.org                Bitsuie,Viola                           viola@gmail.com                         Emard,Franklyn                          femard@emard.com                        Konopacki,Willodean                     willodean_konopacki@konopacki.org       Silvestrini,Beckie                      beckie.silvestrini@silvestrini.com      Gesick,Rebecka                          rgesick@gesick.org                      Blunk,Frederica                         frederica_blunk@gmail.com               Bartolet,Glen                           glen_bartolet@hotmail.com               Gochal,Freeman                          freeman_gochal@aol.com                  Meinerding,Vincent                      vincent.meinerding@hotmail.com          Bevelacqua,Rima                         rima@cox.net                            Sarbacher,Glendora                      gsarbacher@gmail.com                    Steier,Avery                            avery@cox.net                           Lother,Cristy                           cristy@lother.com                       Brossart,Nicolette                      nicolette_brossart@brossart.com         Modzelewski,Tracey                      tracey@hotmail.com                      Tegarden,Virgina                        virgina_tegarden@tegarden.com           Frankel,Tiera                           tfrankel@aol.com                        Bergesen,Alaine                         alaine_bergesen@cox.net                 Mai,Earleen                             earleen_mai@cox.net                     Gobern,Leonida                          leonida@gobern.org                      Auffrey,Ressie                          ressie.auffrey@yahoo.com                Mugnolo,Justine                         jmugnolo@yahoo.com                      Saulter,Eladia                          eladia@saulter.com                      Malvin,Chaya                            chaya@malvin.com                        Suffield,Gwenn                          gwenn_suffield@suffield.org             Karpel,Salena                           skarpel@cox.net                         Fishburne,Yoko                          yoko@fishburne.com                      Moyd,Taryn                              taryn.moyd@hotmail.com                  Polidori,Katina                         katina_polidori@aol.com                 Plumer,Rickie                           rickie.plumer@aol.com                   Loader,Alex                             alex@loader.com                         Vizarro,Lashon                          lashon@aol.com                          Burnard,Lauran                          lburnard@burnard.com                    Setter,Ceola                            ceola.setter@setter.org                 Rantanen,My                             my@hotmail.com                          Worlds,Lorrine                          lorrine.worlds@worlds.com               Sturiale,Peggie                         peggie@cox.net                          Raymo,Marvel                            mraymo@yahoo.com                        Dinos,Daron                             daron_dinos@cox.net                     Fritz,An                                an_fritz@hotmail.com                    Stimmel,Portia                          portia.stimmel@aol.com                  Aredondo,Rhea                           rhea_aredondo@cox.net                   Sama,Benedict                           bsama@cox.net                           Arias,Alyce                             alyce@arias.org                         Berganza,Heike                          heike@gmail.com                         Dopico,Carey                            carey_dopico@dopico.org                 Hellickson,Dottie                       dottie@hellickson.org                   Hughey,Deandrea                         deandrea@yahoo.com                      Duenas,Kimberlie                        kimberlie_duenas@yahoo.com              Staback,Martina                         martina_staback@staback.com             Fillingim,Skye                          skye_fillingim@yahoo.com                Farrar,Jade                             jade.farrar@yahoo.com                   Hamilton,Charlene                       charlene.hamilton@hotmail.com           Acey,Geoffrey                           geoffrey@gmail.com                      Westerbeck,Stevie                       stevie.westerbeck@yahoo.com             Fortino,Pamella                         pamella@fortino.com                     Haufler,Harrison                        hhaufler@hotmail.com                    Engelberg,Johnna                        jengelberg@engelberg.org                Cloney,Buddy                            buddy.cloney@yahoo.com                  Riden,Dalene                            dalene.riden@aol.com                    Zurcher,Jerry                           jzurcher@zurcher.org                    Denooyer,Haydee                         hdenooyer@denooyer.org                  Cryer,Joseph                            joseph_cryer@cox.net                    Kippley,Deonna                          deonna_kippley@hotmail.com              Calvaresi,Raymon                        raymon.calvaresi@gmail.com              Bubash,Alecia                           alecia@aol.com                          Layous,Ma                               mlayous@hotmail.com                     Coyier,Detra                            detra@aol.com                           Rodeigues,Terrilyn                      terrilyn.rodeigues@cox.net              Lacovara,Salome                         slacovara@gmail.com                     Keetch,Garry                            garry_keetch@hotmail.com                Neither,Matthew                         mneither@yahoo.com                      Restrepo,Theodora                       theodora.restrepo@restrepo.com          Kalafatis,Noah                          noah.kalafatis@aol.com                  Sweigard,Carmen                         csweigard@sweigard.com                  Hengel,Lavonda                          lavonda@cox.net                         Stoltzman,Junita                        junita@aol.com                          Nicolozakes,Herminia                    herminia@nicolozakes.org                Good,Casie                              casie.good@aol.com                      Maisto,Reena                            reena@hotmail.com                       Mallett,Mirta                           mirta_mallett@gmail.com                 Pontoriero,Cathrine                     cathrine.pontoriero@pontoriero.com      Tawil,Filiberto                         ftawil@hotmail.com                      Upthegrove,Raul                         rupthegrove@yahoo.com                   Candlish,Sarah                          sarah.candlish@gmail.com                Treston,Lucy                            lucy@cox.net                            Aquas,Judy                              jaquas@aquas.com                        Tjepkema,Yvonne                         yvonne.tjepkema@hotmail.com             Lace,Kayleigh                           kayleigh.lace@yahoo.com                 Hirpara,Felix                           felix_hirpara@cox.net                   Sweely,Tresa                            tresa_sweely@hotmail.com                Turinetti,Kristeen                      kristeen@gmail.com                      Regusters,Jenelle                       jregusters@regusters.com                Monterrubio,Renea                       renea@hotmail.com                       Matuszak,Olive                          olive@aol.com                           Reiber,Ligia                            lreiber@cox.net                         Eschberger,Christiane                   christiane.eschberger@yahoo.com         Schirpke,Goldie                         goldie.schirpke@yahoo.com               Timenez,Loreta                          loreta.timenez@hotmail.com              Hauenstein,Fabiola                      fabiola.hauenstein@hauenstein.org       Perigo,Amie                             amie.perigo@yahoo.com                   Brachle,Raina                           raina.brachle@brachle.org               Canlas,Erinn                            erinn.canlas@canlas.com                 Lietz,Cherry                            cherry@lietz.com                        Vonasek,Kattie                          kattie@vonasek.org                      Scriven,Lilli                           lilli@aol.com                           Tomasulo,Whitley                        whitley.tomasulo@aol.com                Adkin,Barbra                            badkin@hotmail.com                      Thyberg,Hermila                         hermila_thyberg@hotmail.com             Flister,Jesusita                        jesusita.flister@hotmail.com            Julia,Caitlin                           caitlin.julia@julia.org                 Hoffis,Roosevelt                        roosevelt.hoffis@aol.com                Halter,Helaine                          hhalter@yahoo.com                       Martabano,Lorean                        lorean.martabano@hotmail.com            Buzick,France                           france.buzick@yahoo.com                 Ferrario,Justine                        jferrario@hotmail.com                   Nabours,Adelina                         adelina_nabours@gmail.com               Dhamer,Derick                           ddhamer@cox.net                         Dallen,Jerry                            jerry.dallen@yahoo.com                  Ragel,Leota                             leota.ragel@gmail.com                   Amyot,Jutta                             jamyot@hotmail.com                      Gehrett,Aja                             aja_gehrett@hotmail.com                 Herritt,Kirk                            kirk.herritt@aol.com                    Mauson,Leonora                          leonora@yahoo.com                       Brucato,Winfred                         winfred_brucato@hotmail.com             Nachor,Tarra                            tarra.nachor@cox.net                    Loder,Corinne                           corinne@loder.org                       Labreche,Dulce                          dulce_labreche@yahoo.com                Keneipp,Kate                            kate_keneipp@yahoo.com                  Ogg,Kaitlyn                             kaitlyn.ogg@gmail.com                   Saras,Sherita                           sherita.saras@cox.net                   Stuer,Lashawnda                         lstuer@cox.net                          Syrop,Ernest                            ernest@cox.net                          Halsey,Nobuko                           nobuko.halsey@yahoo.com                 Wolny,Lavonna                           lavonna.wolny@hotmail.com               Lizama,Lashaunda                        llizama@cox.net                         Bilden,Mariann                          mariann.bilden@aol.com                  Rodenberger,Helene                      helene@aol.com                          Estell,Roselle                          roselle.estell@hotmail.com              Heintzman,Samira                        sheintzman@hotmail.com                  Meisel,Margart                          margart_meisel@yahoo.com                Bennick,Kristofer                       kristofer.bennick@yahoo.com             Acuff,Weldon                            wacuff@gmail.com                        Shadrick,Shalon                         shalon@cox.net                          Patak,Denise                            denise@patak.org                        Beech,Louvenia                          louvenia.beech@beech.com                Yaw,Audry                               audry.yaw@yaw.org                       Ehmann,Kristel                          kristel.ehmann@aol.com                  Zepp,Vincenza                           vzepp@gmail.com                         Gwalthney,Elouise                       egwalthney@yahoo.com                    Maillard,Venita                         venita_maillard@gmail.com               Semidey,Kasandra                        kasandra_semidey@semidey.com            Discipio,Xochitl                        xdiscipio@gmail.com                     Linahan,Maile                           mlinahan@yahoo.com                      Rauser,Krissy                           krauser@cox.net                         Dubaldi,Pete                            pdubaldi@hotmail.com                    Paa,Linn                                linn_paa@paa.com                        Wide,Paris                              paris@hotmail.com                       Dorshorst,Wynell                        wynell_dorshorst@dorshorst.org          Birkner,Quentin                         qbirkner@aol.com                        Kannady,Regenia                         regenia.kannady@cox.net                 Louissant,Sheron                        sheron@aol.com                          Funnell,Izetta                          izetta.funnell@hotmail.com              Butzen,Rodolfo                          rodolfo@hotmail.com                     Colla,Zona                              zona@hotmail.com                        Zagen,Serina                            szagen@aol.com                          Sahagun,Paz                             paz_sahagun@cox.net                     Lukasik,Markus                          markus@yahoo.com                        Bachman,Jaclyn                          jaclyn@aol.com                          Daufeldt,Cyril                          cyril_daufeldt@daufeldt.com             Schnitzler,Gayla                        gschnitzler@gmail.com                   Nievas,Erick                            erick_nievas@aol.com                    Drymon,Jennie                           jennie@cox.net                          Scipione,Mitsue                         mscipione@scipione.com                  Ventura,Ciara                           cventura@yahoo.com                      Cantres,Galen                           galen@yahoo.com                         Feichtner,Truman                        tfeichtner@yahoo.com                    Kitty,Gail                              gail@kitty.com                          Schoeneck,Dalene                        dalene@schoeneck.org                    Witten,Gertude                          gertude.witten@gmail.com                Kohl,Lizbeth                            lizbeth@yahoo.com                       Berray,Glenn                            gberray@gmail.com                       Klang,Lashandra                         lashandra@yahoo.com                     Newville,Lenna                          lnewville@newville.com                  Pagliuca,Laurel                         laurel@yahoo.com                        Frerking,Mireya                         mireya.frerking@hotmail.com             Tagala,Annelle                          annelle@yahoo.com                       Ketelsen,Dean                           dean_ketelsen@gmail.com                 Munis,Levi                              levi.munis@gmail.com                    Ryser,Sylvie                            sylvie@aol.com                          Maile,Sharee                            sharee_maile@aol.com                    Storment,Cordelia                       cordelia_storment@aol.com               Mcdoniel,Mollie                         mollie_mcdoniel@yahoo.com               Mccullan,Brett                          brett.mccullan@mccullan.com             Pedrozo,Teddy                           teddy_pedrozo@aol.com                   Andreason,Tasia                         tasia_andreason@yahoo.com               Walthall,Hubert                         hubert@walthall.org                     Farrow,Arthur                           arthur.farrow@yahoo.com                 Berlanga,Vilma                          vberlanga@berlanga.com                  Miro,Billye                             billye_miro@cox.net                     Slayton,Glenna                          glenna_slayton@cox.net                  Hudnall,Mitzie                          mitzie_hudnall@yahoo.com                Rodefer,Bernardine                      bernardine_rodefer@yahoo.com            Schmaltz,Staci                          staci_schmaltz@aol.com                  Meteer,Nichelle                         nichelle_meteer@meteer.com              Rhoden,Janine                           jrhoden@yahoo.com                       Hoopengardner,Ettie                     ettie.hoopengardner@hotmail.com         Jayson,Eden                             eden_jayson@yahoo.com                   Auber,Lynelle                           lynelle_auber@gmail.com                 Tomblin,Merissa                         merissa.tomblin@gmail.com               Kaniecki,Golda                          golda_kaniecki@yahoo.com                Gleich,Catarina                         catarina_gleich@hotmail.com             Kiel,Virgie                             vkiel@hotmail.com                       Ostolaza,Jolene                         jolene@yahoo.com                        Borgman,Keneth                          keneth@yahoo.com                        Nayar,Rikki                             rikki@nayar.com                         Sengbusch,Elke                          elke_sengbusch@yahoo.com                Sarao,Hoa                               hoa@sarao.org                           Mcrae,Trinidad                          trinidad_mcrae@yahoo.com                Lueckenbach,Mari                        mari_lueckenbach@yahoo.com              Husser,Selma                            selma.husser@cox.net                    Onofrio,Antione                         aonofrio@onofrio.com                    Jurney,Luisa                            ljurney@hotmail.com                     Heimann,Clorinda                        clorinda.heimann@hotmail.com            Wenzinger,Dick                          dick@yahoo.com                          Angalich,Ahmed                          ahmed.angalich@angalich.com             Ohms,Iluminada                          iluminada.ohms@yahoo.com                Leinenbach,Joanna                       joanna_leinenbach@hotmail.com           Suell,Caprice                           caprice@aol.com                         Myricks,Stephane                        stephane_myricks@cox.net                Swayze,Quentin                          quentin_swayze@yahoo.com                Castros,Annmarie                        annmarie_castros@gmail.com              Greenbush,Shonda                        shonda_greenbush@cox.net                Lapage,Cecil                            clapage@lapage.com                      Claucherty,Jeanice                      jeanice.claucherty@yahoo.com            Villanueva,Josphine                     josphine_villanueva@villanueva.com      Perruzza,Daniel                         dperruzza@perruzza.com                  Wildfong,Cassi                          cassi.wildfong@aol.com                  Galam,Britt                             britt@galam.org                         Lipkin,Adell                            adell.lipkin@lipkin.com                 Rowling,Jacqueline                      jacqueline.rowling@yahoo.com            Weglarz,Lonny                           lonny_weglarz@gmail.com                 Diestel,Lonna                           lonna_diestel@gmail.com                 Samara,Cristal                          cristal@cox.net                         Grenet,Kenneth                          kenneth.grenet@grenet.org               Mclaird,Elli                            emclaird@mclaird.com                    Jeanty,Alline                           ajeanty@gmail.com                       Eanes,Sharika                           sharika.eanes@aol.com                   Mcnease,Nu                              nu@gmail.com                            Comnick,Daniela                         dcomnick@cox.net                        Colaizzo,Cecilia                        cecilia_colaizzo@colaizzo.com           Threets,Leslie                          leslie@cox.net                          Koppinger,Nan                           nan@koppinger.com                       Dewar,Izetta                            idewar@dewar.com                        Arceo,Tegan                             tegan.arceo@arceo.org                   Keener,Ruthann                          ruthann@hotmail.com                     Breland,Joni                            joni_breland@cox.net                    Rentfro,Vi                              vrentfro@cox.net                        Kardas,Colette                          colette.kardas@yahoo.com                Tromblay,Malcolm                        malcolm_tromblay@cox.net                Harnos,Ryan                             ryan@cox.net                            Chaffins,Jess                           jess.chaffins@chaffins.org              Bourbon,Sharen                          sbourbon@yahoo.com                      Juvera,Nickolas                         nickolas_juvera@cox.net                 Nunlee,Gary                             gary_nunlee@nunlee.org                  Devreese,Diane                          diane@cox.net                           Chavous,Roslyn                          roslyn.chavous@chavous.org              Schieler,Glory                          glory@yahoo.com                         Sayaphon,Rasheeda                       rasheeda@aol.com                        Palaia,Alpha                            alpha@yahoo.com                         Jacobos,Refugia                         refugia.jacobos@jacobos.com             Yori,Shawnda                            shawnda.yori@yahoo.com                  Delasancha,Mona                         mdelasancha@hotmail.com                 Liukko,Gilma                            gilma_liukko@gmail.com                  Gabisi,Janey                            jgabisi@hotmail.com                     Paskin,Lili                             lili.paskin@cox.net                     Asar,Loren                              loren.asar@aol.com                      Chesterfield,Dorothy                    dorothy@cox.net                         Similton,Gail                           gail_similton@similton.com              Tillotson,Catalina                      catalina@hotmail.com                    Lorens,Lawrence                         lawrence.lorens@hotmail.com             Boulter,Carlee                          carlee.boulter@hotmail.com              Ankeny,Thaddeus                         tankeny@ankeny.org                      Oles,Jovita                             joles@gmail.com                         Hixenbaugh,Alesia                       alesia_hixenbaugh@hixenbaugh.org        Harabedian,Lai                          lai@gmail.com                           Gillaspie,Brittni                       bgillaspie@gillaspie.com                Kampa,Raylene                           rkampa@kampa.org                        Bookamer,Flo                            flo.bookamer@cox.net                    Biddy,Jani                              jbiddy@yahoo.com                        Motley,Chauncey                         chauncey_motley@aol.com                 