Vaill, Essie                            essie@vaill.com                         Roudabush, Cruz                         cruz@roudabush.com                      Tinnes, Billie                          billie@tinnes.com                       Mockus, Zackary                         zackary@mockus.com                      Fifield, Rosemarie                      rosemarie@fifield.com                   Laboy, Bernard                          bernard@laboy.com                       Haakinson, Sue                          sue@haakinson.com                       Pou, Valerie                            valerie@pou.com                         Hasty, Lashawn                          lashawn@hasty.com                       Earman, Marianne                        marianne@earman.com                     Dragaj, Justina                         justina@dragaj.com                      Mcdonnell, Mandy                        mandy@mcdonnell.com                     Lanfear, Conrad                         conrad@lanfear.com                      Behen, Cyril                            cyril@behen.com                         Groden, Shelley                         shelley@groden.com                      Krenzke, Rosalind                       rosalind@krenzke.com                    Brevard, Davis                          davis@brevard.com                       Reich, Winnie                           winnie@reich.com                        Worlds, Trudy                           trudy@worlds.com                        Inafuku, Deshawn                        deshawn@inafuku.com                     Loose, Claudio                          claudio@loose.com                       Pindell, Sal                            sal@pindell.com                         Sharper, Cristina                       cristina@sharper.com                    Mccamey, Cary                           cary@mccamey.com                        Rocheford, Haley                        haley@rocheford.com                     Sweem, Dorothea                         dorothea@sweem.com                      Steese, Fannie                          fannie@steese.com                       Gillispie, Allyson                      allyson@gillispie.com                   Seid, Roger                             roger@seid.com                          Daquino, Dollie                         dollie@daquino.com                      Seahorn, Eva                            eva@seahorn.com                         Mcintee, Mamie                          mamie@mcintee.com                       Bellerdine, Lyndon                      lyndon@bellerdine.com                   Derouen, Lashonda                       lashonda@derouen.com                    Emayo, Jacklyn                          jacklyn@emayo.com                       Crotts, Rubin                           rubin@crotts.com                        Catino, Boris                           boris@catino.com                        Bowditch, Jannie                        jannie@bowditch.com                     Altonen, Colin                          colin@altonen.com                       Evertt, Kerry                           kerry@evertt.com                        Argenti, Kathie                         kathie@argenti.com                      Cintora, Henrietta                      henrietta@cintora.com                   Maury, Mariano                          mariano@maury.com                       Voll, Lottie                            lottie@voll.com                         Sheffler, Ofelia                        ofelia@sheffler.com                     Cieloszyk, Gaston                       gaston@cieloszyk.com                    Ken, Karla                              karla@ken.com                           Parbol, Avery                           avery@parbol.com                        Chipley, John                           john@chipley.com                        Pliner, Luella                          luella@pliner.com                       Blumenthal, Elvira                      elvira@blumenthal.com                   Courrege, Tyree                         tyree@courrege.com                      Amaral, Ramon                           ramon@amaral.com                        Gidley, Wilfredo                        wilfredo@gidley.com                     Ehn, Gracie                             gracie@ehn.com                          Alexy, Dorthy                           dorthy@alexy.com                        Luby, Bertie                            bertie@luby.com                         Kuhle, Rudy                             rudy@kuhle.com                          Nolau, Gale                             gale@nolau.com                          Bruni, Kenya                            kenya@bruni.com                         Kruss, Tricia                           tricia@kruss.com                        Jurasin, Mack                           mack@jurasin.com                        Kornbau, Margarito                      margarito@kornbau.com                   Iurato, Lucien                          lucien@iurato.com                       Galas, Jarvis                           jarvis@galas.com                        Cowley, Billie                          billie@cowley.com                       Gawron, Jacinto                         jacinto@gawron.com                      Kluemper, Randall                       randall@kluemper.com                    Oroark, Enrique                         enrique@oroark.com                      Pennigton, Alva                         alva@pennigton.com                      Balandran, Socorro                      socorro@balandran.com                   Wilshire, Nadia                         nadia@wilshire.com                      Humes, Reginald                         reginald@humes.com                      Caraway, Lynda                          lynda@caraway.com                       Mcaulay, Saundra                        saundra@mcaulay.com                     Schwantd, Allan                         allan@schwantd.com                      Constantineau, Wilmer                   wilmer@constantineau.com                Kesich, Savannah                        savannah@kesich.com                     Cuttitta, Dwain                         dwain@cuttitta.com                      Stika, Krystle                          krystle@stika.com                       Gould, Felipe                           felipe@gould.com                        Schorr, Steve                           steve@schorr.com                        Caetano, Naomi                          naomi@caetano.com                       Saddat, Melody                          melody@saddat.com                       Harnar, Mitchel                         mitchel@harnar.com                      Circelli, Sharlene                      sharlene@circelli.com                   Bonnet, Sean                            sean@bonnet.com                         Brockert, Travis                        travis@brockert.com                     Bruckman, Candice                       candice@bruckman.com                    Weeden, Mabel                           mabel@weeden.com                        Papik, Armando                          armando@papik.com                       Edd, Kevin                              kevin@edd.com                           Bickel, Raphael                         raphael@bickel.com                      Merlin, Darren                          darren@merlin.com                       Soo, Francis                            francis@soo.com                         Jakuboski, Nelly                        nelly@jakuboski.com                     Ihenyen, Mitzi                          mitzi@ihenyen.com                       Beresnyak, Kathleen                     kathleen@beresnyak.com                  Cervantsz, Adela                        adela@cervantsz.com                     Gansen, Randal                          randal@gansen.com                       Biasotti, Alyssa                        alyssa@biasotti.com                     Schaffter, Janet                        janet@schaffter.com                     Kolm, Armando                           armando@kolm.com                        Scarpa, Gil                             gil@scarpa.com                          Lewallen, Vanessa                       vanessa@lewallen.com                    Brining, Burton                         burton@brining.com                      Krigger, Rosalie                        rosalie@krigger.com                     Schwartzwalde, Tammie                   tammie@schwartzwalde.com                Neiss, Darrin                           darrin@neiss.com                        Kennemur, Rosalia                       rosalia@kennemur.com                    Leboeuf, Callie                         callie@leboeuf.com                      Bernasconi, Patty                       patty@bernasconi.com                    Gabouer, Elmo                           elmo@gabouer.com                        Muhl, Logan                             logan@muhl.com                          Brzostowski, Vivian                     vivian@brzostowski.com                  Baucher, Efren                          efren@baucher.com                       Mcbay, Kurtis                           kurtis@mcbay.com                        Tsang, Guillermo                        guillermo@tsang.com                     Kuhlman, Milton                         milton@kuhlman.com                      Greenly, Naomi                          naomi@greenly.com                       Maurizio, Mary                          mary@maurizio.com                       Reiniger, Caitlin                       caitlin@reiniger.com                    Cuneo, Coleman                          coleman@cuneo.com                       Larrison, Rachel                        rachel@larrison.com                     Maddalena, Dwayne                       dwayne@maddalena.com                    Schermerhorn, Angelique                 angelique@schermerhorn.com              Wadlinger, Junior                       junior@wadlinger.com                    Tork, Darrel                            darrel@tork.com                         Garrigus, Lana                          lana@garrigus.com                       Waldall, Jonathon                       jonathon@waldall.com                    Paker, Kristine                         kristine@paker.com                      Agricola, Dwain                         dwain@agricola.com                      Agresta, Jewel                          jewel@agresta.com                       Bandyk, Georgette                       georgette@bandyk.com                    Forness, Geri                           geri@forness.com                        Scroggie, Modesto                       modesto@scroggie.com                    Menedez, Curt                           curt@menedez.com                        Zombo, Karen                            karen@zombo.com                         Lendor, Lora                            lora@lendor.com                         Mahone, Felipe                          felipe@mahone.com                       Daulton, Rosalyn                        rosalyn@daulton.com                     Bousman, Marquita                       marquita@bousman.com                    Sirbaugh, Carla                         carla@sirbaugh.com                      Fontanella, Wes                         wes@fontanella.com                      Ivrin, Meredith                         meredith@ivrin.com                      Bigg, Laurie                            laurie@bigg.com                         Friesner, Barton                        barton@friesner.com                     Langner, Sophie                         sophie@langner.com                      Lijewski, Garfield                      garfield@lijewski.com                   Speach, Warren                          warren@speach.com                       Cosby, Madonna                          madonna@cosby.com                       Lingbeek, Valeria                       valeria@lingbeek.com                    Vanalphen, Heath                        heath@vanalphen.com                     Woldridge, Marisa                       marisa@woldridge.com                    Dummermuth, Rene                        rene@dummermuth.com                     Windle, Helga                           helga@windle.com                        Arenburg, Margot                        margot@arenburg.com                     Holloran, Sheila                        sheila@holloran.com                     Carleton, Melinda                       melinda@carleton.com                    Zeolla, Ike                             ike@zeolla.com                          Dagenais, Elmo                          elmo@dagenais.com                       Granberry, Valentine                    valentine@granberry.com                 Sisk, Waldo                             waldo@sisk.com                          Braithwaite, Robt                       robt@braithwaite.com                    Cowan, Corinne                          corinne@cowan.com                       Brumet, Rebeca                          rebeca@brumet.com                       Saulsberry, Lynn                        lynn@saulsberry.com                     Facio, Hannah                           hannah@facio.com                        Schkade, Benjamin                       benjamin@schkade.com                    Fontanilla, Athena                      athena@fontanilla.com                   Rabeck, Alene                           alene@rabeck.com                        Kokoska, Yvette                         yvette@kokoska.com                      Clemmens, Petra                         petra@clemmens.com                      Overfelt, Carmel                        carmel@overfelt.com                     Fostervold, Danette                     danette@fostervold.com                  Ettel, Vince                            vince@ettel.com                         Heideman, Davis                         davis@heideman.com                      Hasselvander, Bradly                    bradly@hasselvander.com                 Phoenix, Nathanial                      nathanial@phoenix.com                   Mckibben, Lamar                         lamar@mckibben.com                      Numkena, Shanna                         shanna@numkena.com                      Suermann, Helena                        helena@suermann.com                     Helmich, Delphine                       delphine@helmich.com                    Hindley, Barbara                        barbara@hindley.com                     Sisofo, Sheryl                          sheryl@sisofo.com                       Christophel, Robyn                      robyn@christophel.com                   Geimer, Gayla                           gayla@geimer.com                        Pyfrom, Evan                            evan@pyfrom.com                         Miklas, Chad                            chad@miklas.com                         Tout, Trey                              trey@tout.com                           Armout, Isabell                         isabell@armout.com                      Mascall, Alejandro                      alejandro@mascall.com                   Kirklin, Kennith                        kennith@kirklin.com                     Benthin, Ike                            ike@benthin.com                         Sherretts, Donald                       donald@sherretts.com                    Hybarger, Lina                          lina@hybarger.com                       Padley, Rebekah                         rebekah@padley.com                      Gaulden, Marion                         marion@gaulden.com                      Monroy, Maurine                         maurine@monroy.com                      Sandrock, Rosanna                       rosanna@sandrock.com                    Maggs, Marcelino                        marcelino@maggs.com                     Willardson, Florine                     florine@willardson.com                  Haza, Jude                              jude@haza.com                           Sutch, Eldon                            eldon@sutch.com                         Enote, Lashonda                         lashonda@enote.com                      Folz, Marla                             marla@folz.com                          Lunan, Reginald                         reginald@lunan.com                      Lindauer, Kyle                          kyle@lindauer.com                       Marschke, Son                           son@marschke.com                        Minaai, Johnie                          johnie@minaai.com                       Varrato, Kelli                          kelli@varrato.com                       Marsell, Neva                           neva@marsell.com                        Hedglin, Brice                          brice@hedglin.com                       Nimmer, Terrance                        terrance@nimmer.com                     Krisman, Carol                          carol@krisman.com                       Pillitteri, Dollie                      dollie@pillitteri.com                   Sule, Mellissa                          mellissa@sule.com                       Thierauf, Antony                        antony@thierauf.com                     Reisenauer, Reina                       reina@reisenauer.com                    Sulikowski, Zane                        zane@sulikowski.com                     Cassa, Hilario                          hilario@cassa.com                       Radman, Veronica                        veronica@radman.com                     Erlewine, Teri                          teri@erlewine.com                       Mountjoy, Alissa                        alissa@mountjoy.com                     Iberg, Helene                           helene@iberg.com                        Scronce, Lona                           lona@scronce.com                        Lampi, Jeremy                           jeremy@lampi.com                        Schattner, Mitch                        mitch@schattner.com                     Carlan, Hans                            hans@carlan.com                         Sarchett, Concetta                      concetta@sarchett.com                   Zackery, Isaac                          isaac@zackery.com                       Matrisciano, Doug                       doug@matrisciano.com                    Samrah, Devon                           devon@samrah.com                        Linnan, Amos                            amos@linnan.com                         Dienhart, Manuel                        manuel@dienhart.com                     Cantu, Audra                            audra@cantu.com                         Ransonet, Keisha                        keisha@ransonet.com                     Baumann, Rolando                        rolando@baumann.com                     Whyman, Maryanne                        maryanne@whyman.com                     Asberry, Kurtis                         kurtis@asberry.com                      Gompf, Ed                               ed@gompf.com                            Betance, Norman                         norman@betance.com                      Karczewski, Berta                       berta@karczewski.com                    Marksberry, Mac                         mac@marksberry.com                      Graen, Sandra                           sandra@graen.com                        Javens, Lee                             lee@javens.com                          Zanders, Fran                           fran@zanders.com                        Brantz, Lane                            lane@brantz.com                         Marso, Bess                             bess@marso.com                          Declue, Tamara                          tamara@declue.com                       Speegle, Denise                         denise@speegle.com                      Youtsey, Lynda                          lynda@youtsey.com                       Burigsay, Diann                         diann@burigsay.com                      Hwang, Mari                             mari@hwang.com                          Neundorfer, Shanna                      shanna@neundorfer.com                   Detillier, Sherwood                     sherwood@detillier.com                  Schwallie, Walton                       walton@schwallie.com                    Gartenmayer, Judy                       judy@gartenmayer.com                    Mccleary, Antione                       antione@mccleary.com                    Ganguli, Kay                            kay@ganguli.com                         Duffy, Oma                              oma@duffy.com                           Teston, Devon                           devon@teston.com                        Erlebach, Jade                          jade@erlebach.com                       Jerko, Roseann                          roseann@jerko.com                       Zortman, Ruthie                         ruthie@zortman.com                      Arguin, Leif                            leif@arguin.com                         Ekstrom, Millicent                      millicent@ekstrom.com                   Oborne, Val                             val@oborne.com                          Retort, Bridgett                        bridgett@retort.com                     Lino, Tia                               tia@lino.com                            Kenzie, Jarrett                         jarrett@kenzie.com                      Vanderzwaag, Mara                       mara@vanderzwaag.com                    Knust, Tiffany                          tiffany@knust.com                       Mcshaw, Fabian                          fabian@mcshaw.com                       Coger, Annabelle                        annabelle@coger.com                     Smiler, Marisa                          marisa@smiler.com                       Bordwell, Samantha                      samantha@bordwell.com                   Riedl, Felecia                          felecia@riedl.com                       Persson, Kris                           kris@persson.com                        Bridgeman, Kylie                        kylie@bridgeman.com                     Bellendir, Eduardo                      eduardo@bellendir.com                   Edberg, Waldo                           waldo@edberg.com                        Vaidya, Brent                           brent@vaidya.com                        Barcelona, Bette                        bette@barcelona.com                     Gleave, Rich                            rich@gleave.com                         Whittley, Lyman                         lyman@whittley.com                      Garnette, Maryann                       maryann@garnette.com                    Zarzycki, Jimmie                        jimmie@zarzycki.com                     Kosicki, Gisela                         gisela@kosicki.com                      Hammeren, Marlene                       marlene@hammeren.com                    Stanzak, Kris                           kris@stanzak.com                        Simone, Roman                           roman@simone.com                        Nicolaus, Cathryn                       cathryn@nicolaus.com                    Keels, Lana                             lana@keels.com                          Ziesemer, Malissa                       malissa@ziesemer.com                    Brodtmann, Pamala                       pamala@brodtmann.com                    Tivis, Heriberto                        heriberto@tivis.com                     Prudente, Edgardo                       edgardo@prudente.com                    Kunde, Fred                             fred@kunde.com                          Suddeth, Pilar                          pilar@suddeth.com                       Wice, Eliseo                            eliseo@wice.com                         Knightly, Bridget                       bridget@knightly.com                    Villaescusa, Tori                       tori@villaescusa.com                    Moyerman, Claire                        claire@moyerman.com                     Kivel, Judi                             judi@kivel.com                          Rodda, Terrell                          terrell@rodda.com                       Gum, Jasmin                             jasmin@gum.com                          Bottella, Bridget                       bridget@bottella.com                    Trybus, Tami                            tami@trybus.com                         Kaewprasert, Maynard                    maynard@kaewprasert.com                 Mcsorley, Viola                         viola@mcsorley.com                      Streu, Reggie                           reggie@streu.com                        Griffeth, Rena                          rena@griffeth.com                       Salera, Pierre                          pierre@salera.com                       Kinlaw, Carolina                        carolina@kinlaw.com                     Prenatt, Alejandra                      alejandra@prenatt.com                   Isacson, Quintin                        quintin@isacson.com                     Grotz, Robin                            robin@grotz.com                         Woodfin, Lacy                           lacy@woodfin.com                        Zill, Daniel                            daniel@zill.com                         Wolchesky, Reina                        reina@wolchesky.com                     Wanger, Marc                            marc@wanger.com                         Matkin, Damion                          damion@matkin.com                       Winchester, Lucius                      lucius@winchester.com                   Mcnichol, Petra                         petra@mcnichol.com                      Ramano, Katina                          katina@ramano.com                       Cackowski, Leslie                       leslie@cackowski.com                    Wiget, Cristopher                       cristopher@wiget.com                    Skiffington, Garth                      garth@skiffington.com                   Qin, Brendan                            brendan@qin.com                         Furler, Chase                           chase@furler.com                        Bjornberg, Marietta                     marietta@bjornberg.com                  Wishman, Carmella                       carmella@wishman.com                    Eyrich, Erica                           erica@eyrich.com                        Bagnoli, Lucius                         lucius@bagnoli.com                      Hachey, Bart                            bart@hachey.com                         Phernetton, Isiah                       isiah@phernetton.com                    Crummell, Morton                        morton@crummell.com                     Kauk, Prince                            prince@kauk.com                         Horner, Marta                           marta@horner.com                        Gaboury, Teodoro                        teodoro@gaboury.com                     Assad, Jess                             jess@assad.com                          Soula, Freeman                          freeman@soula.com                       Center, Rita                            rita@center.com                         Papen, Kira                             kira@papen.com                          Demicco, Miquel                         miquel@demicco.com                      Mahmud, William                         william@mahmud.com                      Belmont, Lacy                           lacy@belmont.com                        Leanen, Van                             van@leanen.com                          Staub, Mayme                            mayme@staub.com                         Guevarra, Gregg                         gregg@guevarra.com                      Leclare, Minh                           minh@leclare.com                        Sedore, Joey                            joey@sedore.com                         Dalen, Jeanie                           jeanie@dalen.com                        Gauer, Eddie                            eddie@gauer.com                         Barkle, Jessie                          jessie@barkle.com                       Resendiz, Deandre                       deandre@resendiz.com                    Rathrock, Janet                         janet@rathrock.com                      Nordlinger, Denice                      denice@nordlinger.com                   Dales, Danny                            danny@dales.com                         Deshay, Robbie                          robbie@deshay.com                       Humble, Carla                           carla@humble.com                        Leonesio, Ashley                        ashley@leonesio.com                     Sotlar, Josephine                       josephine@sotlar.com                    Kreutzbender, Derek                     derek@kreutzbender.com                  Staffon, Kira                           kira@staffon.com                        Davensizer, Isaac                       isaac@davensizer.com                    Bayer, Reva                             reva@bayer.com                          Auteri, Melvin                          melvin@auteri.com                       Seiters, Stephen                        stephen@seiters.com                     Santellana, Lucas                       lucas@santellana.com                    Toomey, Traci                           traci@toomey.com                        Resendes, Vernice                       vernice@resendes.com                    Holmes, Hillary                         hillary@holmes.com                      Schartz, Robin                          robin@schartz.com                       Deppert, Sabrina                        sabrina@deppert.com                     Truiolo, Luciano                        luciano@truiolo.com                     Mildon, Ezekiel                         ezekiel@mildon.com                      Cinkan, Hanna                           hanna@cinkan.com                        Wooldridge, Kory                        kory@wooldridge.com                     Ruffins, Darrel                         darrel@ruffins.com                      Hammitt, Miranda                        miranda@hammitt.com                     Rowlett, Sadie                          sadie@rowlett.com                       Gerbi, Deanna                           deanna@gerbi.com                        Griglen, Alfonso                        alfonso@griglen.com                     Engelman, Vernon                        vernon@engelman.com                     Rheaves, Johnnie                        johnnie@rheaves.com                     Pahnke, Ella                            ella@pahnke.com                         Achorn, Veronica                        veronica@achorn.com                     Nguyen, Kasey                           kasey@nguyen.com                        Morein, Frankie                         frankie@morein.com                      Renzi, Elaine                           elaine@renzi.com                        Janski, Timothy                         timothy@janski.com                      Hacher, Warren                          warren@hacher.com                       Darnel, Brant                           brant@darnel.com                        Rineheart, Mara                         mara@rineheart.com                      Flierl, Karen                           karen@flierl.com                        Chinni, Virgil                          virgil@chinni.com                       Kertzman, Jimmie                        jimmie@kertzman.com                     Bachta, Leif                            leif@bachta.com                         Kucera, Ione                            ione@kucera.com                         Sakurai, Doreen                         doreen@sakurai.com                      Nardo, Joel                             joel@nardo.com                          Backus, Neil                            neil@backus.com                         Marks, Fausto                           fausto@marks.com                        Bodenschatz, Christa                    christa@bodenschatz.com                 Greenlaw, Chi                           chi@greenlaw.com                        Ferri, Kyle                             kyle@ferri.com                          Michelfelder, Freida                    freida@michelfelder.com                 Bouliouris, Bryant                      bryant@bouliouris.com                   Oxley, Emilia                           emilia@oxley.com                        Mcraven, Naomi                          naomi@mcraven.com                       Borycz, Dionne                          dionne@borycz.com                       Hrobsky, Jimmy                          jimmy@hrobsky.com                       Hohlstein, Peggy                        peggy@hohlstein.com                     Kekiwi, Genevieve                       genevieve@kekiwi.com                    Plagge, Terra                           terra@plagge.com                        Pumphrey, Allie                         allie@pumphrey.com                      Survant, Katina                         katina@survant.com                      Warran, Marta                           marta@warran.com                        Lindboe, Rebekah                        rebekah@lindboe.com                     Varenhorst, Roxie                       roxie@varenhorst.com                    Peto, Kennith                           kennith@peto.com                        Amrich, Darrell                         darrell@amrich.com                      Loffier, Savannah                       savannah@loffier.com                    Carley, Martin                          martin@carley.com                       Hyten, Lacy                             lacy@hyten.com                          Orea, Forest                            forest@orea.com                         Shishido, Courtney                      courtney@shishido.com                   Frietas, Annette                        annette@frietas.com                     Jinks, Karyn                            karyn@jinks.com                         Lavelli, Edwin                          edwin@lavelli.com                       Barninger, Jimmie                       jimmie@barninger.com                    Wyrosdick, Merle                        merle@wyrosdick.com                     Caputo, Amelia                          amelia@caputo.com                       Bruski, Germaine                        germaine@bruski.com                     Dutt, Willa                             willa@dutt.com                          Fuhri, Cherie                           cherie@fuhri.com                        Quillman, Tyron                         tyron@quillman.com                      Dyckman, Charity                        charity@dyckman.com                     Turansky, Nanette                       nanette@turansky.com                    Schronce, Cherie                        cherie@schronce.com                     Hambright, Theron                       theron@hambright.com                    Bibbs, Laurie                           laurie@bibbs.com                        Ferentz, Angelo                         angelo@ferentz.com                      Topete, Denver                          denver@topete.com                       Reuland, Tommie                         tommie@reuland.com                      Delucas, Delmer                         delmer@delucas.com                      Bahls, Latisha                          latisha@bahls.com                       Lundie, Simone                          simone@lundie.com                       Spurger, Ross                           ross@spurger.com                        Tuter, Abel                             abel@tuter.com                          Bunche, Beverley                        beverley@bunche.com                     Torregrossa, Lizzie                     lizzie@torregrossa.com                  Neumaier, Tia                           tia@neumaier.com                        Chantry, Lesa                           lesa@chantry.com                        Arostegui, Marcelo                      marcelo@arostegui.com                   Hardgrove, Jimmie                       jimmie@hardgrove.com                    Eldrige, Renae                          renae@eldrige.com                       Gorder, Tisha                           tisha@gorder.com                        Knower, Clarice                         clarice@knower.com                      Marmerchant, Sybil                      sybil@marmerchant.com                   Veazey, Floyd                           floyd@veazey.com                        Bangle, Reyna                           reyna@bangle.com                        Sparacino, Owen                         owen@sparacino.com                      Bettner, Eli                            eli@bettner.com                         Fogerty, Taylor                         taylor@fogerty.com                      Lecates, Reva                           reva@lecates.com                        Wildrick, Rodrigo                       rodrigo@wildrick.com                    Tukis, George                           george@tukis.com                        Rodreguez, Titus                        titus@rodreguez.com                     Lampkin, Emilio                         emilio@lampkin.com                      Arata, Maryjane                         maryjane@arata.com                      Shulz, Marcie                           marcie@shulz.com                        Slavin, Celia                           celia@slavin.com                        Devaughan, Suzette                      suzette@devaughan.com                   Marnell, Christian                      christian@marnell.com                   Ericksen, Misty                         misty@ericksen.com                      Schadle, Bert                           bert@schadle.com                        Quertermous, Bertram                    bertram@quertermous.com                 Wubbel, Buster                          buster@wubbel.com                       Gallegas, Mildred                       mildred@gallegas.com                    Hoshaw, Pat                             pat@hoshaw.com                          Hutch, Marshall                         marshall@hutch.com                      Mestler, Don                            don@mestler.com                         Reek, Emery                             emery@reek.com                          Srock, Ray                              ray@srock.com                           Khosravi, Nickolas                      nickolas@khosravi.com                   Mottern, Aileen                         aileen@mottern.com                      Araiza, Chad                            chad@araiza.com                         Cambel, Beverly                         beverly@cambel.com                      Twiet, Janice                           janice@twiet.com                        Fortuna, Byron                          byron@fortuna.com                       Setlock, Lynette                        lynette@setlock.com                     Roughen, Willard                        willard@roughen.com                     Gracely, Elisa                          elisa@gracely.com                       Farstvedt, Jeri                         jeri@farstvedt.com                      Blow, Stacey                            stacey@blow.com                         Rovell, Bryan                           bryan@rovell.com                        Bolick, Joey                            joey@bolick.com                         